ct_id	numReports	probability
25025981700	1	0.0444558217768
25025082000	2	0.0100955235749
25025080900	4	0.000630558229068
25025080801	1	0.0292422976822
25025000402	2	0.00700111055352
