ct_id	numReports	probability
25025010104	3	0.00416887756737
25025100601	2	0.00671840449204
25025091200	2	0.0163746150616
25025000601	2	0.0151806722076
25025020101	3	0.0134274461511
