TRACT_ID	DENSITY
25025060400	2.44698205546
25025000704	1.24973963758
25025010802	0.980712651193
25025010702	0.833333333333
