TRACT_ID	DENSITY
25025050901	1.20048019208
25025070300	0.767459708365
25025010600	0.699790062981
