ct_id	numReports	probability
25025000803	2	0.00081043665449
25025130100	3	0.000182708986855
25025100300	1	0.0266568394676
