TRACT_ID	DENSITY
25025020101	0.715478177916
25025010104	0.624479600333
25025091200	0.618429189858
25025000601	0.560067208065
