TRACT_ID	DENSITY
25025130100	0.507958008805
25025070600	0.446428571429
25025050300	0.444247001333
