ct_id	numReports	probability
25025082000	2	0.0100955235749
25025130404	2	0.00128612851544
25025050300	4	8.47822977533e-05
25025000802	9	3.98671110549e-06
