TRACT_ID	DENSITY
25025080900	0.998003992016
25025082000	0.710479573712
25025000402	0.548245614035
25025060200	0.521920668058
25025010701	0.403551251009
