TRACT_ID	DENSITY
25025000701	0.449842555106
25025070700	0.423549343499
