ct_id	numReports	probability
25025080500	1	0.0394412505185
25025010600	2	0.0171896965456
25025010300	2	0.00787905058234
25025050901	5	1.59917580044e-05
