ct_id	numReports	probability
25025000704	5	7.30670308839e-05
25025120103	2	0.00590077757543
25025000701	9	1.45453438669e-10
