TRACT_ID	DENSITY
25025000802	2.33529990167
25025080300	2.26116449972
25025000100	1.64551010813
