TRACT_ID	DENSITY
25025050300	1.77698800533
25025000802	1.10619469027
25025082000	0.710479573712
25025130404	0.689417442261
