TRACT_ID	DENSITY
25025020302	0.846740050804
25025030200	0.600600600601
25025000402	0.548245614035
25025140201	0.482625482625
25025060600	0.424268137463
25025110301	0.4158004158
25025030400	0.407996736026
