ct_id	numReports	probability
25025140201	1	0.041955562867
25025092101	2	0.0372858282825
25025000402	2	0.00700111055352
