TRACT_ID	DENSITY
25025000701	2.02429149798
25025120103	1.32625994695
25025030200	1.2012012012
25025000704	1.04144969798
